City_ID,City,Lat,Lng,Max Temp,Humidity,Cloudiness,Wind Speed,Country,Current Description,Date
0,Kodiak,57.79,-152.4072,30.6,93,100,11.1,US,snow,2022-01-09 06:47:54
1,Kannur,11.8675,75.3576,85.15,58,8,7.78,IN,clear sky,2022-01-09 06:47:39
2,Port Elizabeth,-33.918,25.5701,78.1,83,75,17.27,ZA,broken clouds,2022-01-09 06:43:13
3,Kazerun,29.6195,51.6541,58.41,29,0,1.05,IR,clear sky,2022-01-09 06:47:55
4,Maarianhamina,60.0973,19.9348,31.86,100,100,5.75,AX,fog,2022-01-09 06:47:55
5,Butaritari,3.0707,172.7902,79.79,84,100,17.22,KI,moderate rain,2022-01-09 06:47:56
6,Coihaique,-45.5752,-72.0662,55.35,67,75,2.3,CL,broken clouds,2022-01-09 06:47:56
7,Alta Floresta,-9.8756,-56.0861,70.81,98,100,5.53,BR,overcast clouds,2022-01-09 06:47:57
8,Bluff,-46.6,168.3333,61.81,96,100,6.2,NZ,overcast clouds,2022-01-09 06:47:57
9,Cape Town,-33.9258,18.4232,78.1,59,0,14.97,ZA,clear sky,2022-01-09 06:43:13
10,Aksu,41.1231,80.2644,32.95,35,100,2.1,CN,overcast clouds,2022-01-09 06:47:58
11,Hermanus,-34.4187,19.2345,82.8,72,0,3.22,ZA,clear sky,2022-01-09 06:47:58
12,Kitaibaraki,36.7833,140.75,49.14,49,28,2.13,JP,scattered clouds,2022-01-09 06:47:59
13,Atuona,-9.8,-139.0333,78.91,71,20,16.78,PF,few clouds,2022-01-09 06:47:59
14,Husavik,66.0449,-17.3389,33.71,87,74,9.42,IS,broken clouds,2022-01-09 06:47:59
15,Melivoia,39.75,22.8,44.46,92,100,3.65,GR,overcast clouds,2022-01-09 06:48:00
16,Busselton,-33.65,115.3333,76.08,35,39,16.2,AU,scattered clouds,2022-01-09 06:48:00
17,Ushuaia,-54.8,-68.3,40.46,97,95,3.04,AR,light rain,2022-01-09 06:48:01
18,Yar-Sale,66.8333,70.8333,-6.99,99,100,4.34,RU,overcast clouds,2022-01-09 06:48:01
19,Lompoc,34.6391,-120.4579,54.79,87,0,4.61,US,clear sky,2022-01-09 06:46:53
20,Albany,42.6001,-73.9662,30.61,56,100,1.01,US,overcast clouds,2022-01-09 06:48:02
21,Gazli,40.1333,63.45,43.5,57,98,3.4,UZ,overcast clouds,2022-01-09 06:48:02
22,Ballina,-28.8667,153.5667,82.58,78,100,13.8,AU,overcast clouds,2022-01-09 06:48:03
23,Mataura,-46.1927,168.8643,61.48,95,89,2.21,NZ,light rain,2022-01-09 06:48:03
24,Hilo,19.7297,-155.09,73.13,86,100,0.0,US,overcast clouds,2022-01-09 06:48:04
25,East London,-33.0153,27.9116,76.14,83,20,11.5,ZA,few clouds,2022-01-09 06:43:40
26,Port Alfred,-33.5906,26.891,77.25,76,2,22.75,ZA,clear sky,2022-01-09 06:48:04
27,Pevek,69.7008,170.3133,-9.74,99,77,4.23,RU,broken clouds,2022-01-09 06:48:05
28,Barrow,71.2906,-156.7887,-16.58,69,0,4.61,US,clear sky,2022-01-09 06:45:01
29,Masunga,-20.6246,27.4488,68.97,68,100,15.05,BW,overcast clouds,2022-01-09 06:48:05
30,Tuktoyaktuk,69.4541,-133.0374,-20.2,76,40,13.8,CA,scattered clouds,2022-01-09 06:48:06
31,Ankazoabo,-22.2833,44.5167,80.44,60,100,9.01,MG,light rain,2022-01-09 06:48:06
32,Ust-Barguzin,53.45,108.9833,-2.97,84,5,5.48,RU,clear sky,2022-01-09 06:48:07
33,Ayagoz,47.9714,80.4392,21.34,98,97,7.96,KZ,overcast clouds,2022-01-09 06:48:07
34,Swinoujscie,53.9105,14.2471,31.17,79,100,23.58,PL,overcast clouds,2022-01-09 06:48:08
35,Sao Filipe,14.8961,-24.4956,72.81,66,85,5.95,CV,overcast clouds,2022-01-09 06:48:08
36,Kaizuka,34.45,135.35,53.69,62,75,3.44,JP,broken clouds,2022-01-09 06:48:08
37,Saldanha,-33.0117,17.9442,66.25,80,32,7.9,ZA,scattered clouds,2022-01-09 06:48:09
38,Jamestown,42.097,-79.2353,33.51,73,100,1.99,US,overcast clouds,2022-01-09 06:46:45
39,Hervey Bay,-25.2986,152.8535,83.01,71,9,5.99,AU,clear sky,2022-01-09 06:48:09
40,Lebu,-37.6167,-73.65,58.15,93,92,3.67,CL,overcast clouds,2022-01-09 06:48:10
41,Pitsunda,43.1592,40.3378,55.58,67,31,9.19,GE,scattered clouds,2022-01-09 06:48:10
42,Bafra,41.5678,35.9069,42.58,57,100,7.49,TR,overcast clouds,2022-01-09 06:48:11
43,Panaba,21.2833,-88.2667,69.89,95,100,6.91,MX,overcast clouds,2022-01-09 06:48:11
44,Provideniya,64.3833,-173.3,0.59,67,0,10.83,RU,clear sky,2022-01-09 06:48:12
45,Igarka,67.4667,86.5833,17.31,96,100,8.48,RU,snow,2022-01-09 06:48:12
46,Bredasdorp,-34.5322,20.0403,82.27,88,0,1.14,ZA,clear sky,2022-01-09 06:48:13
47,Yaan,7.3833,8.5667,82.35,35,72,4.45,NG,broken clouds,2022-01-09 06:48:14
48,Dombarovskiy,50.7587,59.5386,5.13,89,100,5.66,RU,overcast clouds,2022-01-09 06:49:14
49,Yumen,40.2833,97.2,30.49,33,84,18.52,CN,broken clouds,2022-01-09 06:49:14
50,Cardenas,23.0375,-81.2047,70.56,84,98,11.9,CU,overcast clouds,2022-01-09 06:49:15
51,Cherskiy,68.75,161.3,-24.9,100,67,2.68,RU,broken clouds,2022-01-09 06:49:16
52,Georgetown,5.4112,100.3354,93.15,60,20,5.75,MY,few clouds,2022-01-09 06:45:08
53,Rikitea,-23.1203,-134.9692,77.9,80,100,21.68,PF,overcast clouds,2022-01-09 06:49:16
54,Alibag,18.6411,72.8792,78.87,52,8,13.76,IN,clear sky,2022-01-09 06:49:17
55,Aklavik,68.2191,-135.0107,-22.97,87,8,12.55,CA,clear sky,2022-01-09 06:49:17
56,Puerto Ayora,-0.7393,-90.3518,70.75,90,38,4.47,EC,scattered clouds,2022-01-09 06:49:18
57,Zhezkazgan,47.8043,67.7144,17.58,86,40,8.95,KZ,scattered clouds,2022-01-09 06:49:18
58,Stornoway,58.2093,-6.3865,35.56,96,12,2.3,GB,few clouds,2022-01-09 06:49:19
59,Chokurdakh,70.6333,147.9167,-11.04,95,100,9.73,RU,overcast clouds,2022-01-09 06:49:19
60,San Patricio,28.017,-97.5169,70.9,92,100,2.57,US,overcast clouds,2022-01-09 06:49:20
61,Hofn,64.2539,-15.2082,36.01,91,67,17.2,IS,broken clouds,2022-01-09 06:49:20
62,San Cristobal,7.7669,-72.225,62.29,94,38,3.51,VE,scattered clouds,2022-01-09 06:49:20
63,Phan Thiet,10.9333,108.1,82.96,60,79,10.65,VN,broken clouds,2022-01-09 06:45:27
64,Gogrial,8.5332,28.1004,86.83,19,98,5.01,SS,overcast clouds,2022-01-09 06:49:21
65,Kizhinga,51.8462,109.9097,-1.89,84,7,0.76,RU,clear sky,2022-01-09 06:49:22
66,Pedernales,18.0384,-71.744,75.63,63,34,3.44,DO,scattered clouds,2022-01-09 06:49:22
67,Chuy,-33.6971,-53.4616,66.69,74,0,10.18,UY,clear sky,2022-01-09 06:49:23
68,Caraquet,47.7941,-64.9386,12.74,76,100,8.7,CA,overcast clouds,2022-01-09 06:49:23
69,Kavaratti,10.5669,72.642,79.52,68,7,6.53,IN,clear sky,2022-01-09 06:49:24
70,Bathsheba,13.2167,-59.5167,74.01,78,75,31.07,BB,broken clouds,2022-01-09 06:49:24
71,Saint-Philippe,-21.3585,55.7679,85.55,79,37,7.36,RE,light rain,2022-01-09 06:49:25
72,Garden City,42.3256,-83.331,35.11,94,100,1.01,US,light intensity drizzle,2022-01-09 06:49:25
73,Hobart,-42.8794,147.3294,72.1,64,75,11.5,AU,broken clouds,2022-01-09 06:47:43
74,Yellowknife,62.456,-114.3525,-22.72,77,0,6.91,CA,clear sky,2022-01-09 06:49:26
75,Kosh-Agach,50.0,88.6667,3.96,90,79,0.96,RU,broken clouds,2022-01-09 06:49:26
76,Naze,28.3667,129.4833,63.52,65,99,7.43,JP,overcast clouds,2022-01-09 06:49:27
77,Punta Arenas,-53.15,-70.9167,44.71,76,0,16.11,CL,clear sky,2022-01-09 06:49:27
78,Mar Del Plata,-38.0023,-57.5575,70.09,92,0,5.01,AR,clear sky,2022-01-09 06:46:15
79,Berlevag,70.8578,29.0864,24.8,78,100,24.14,NO,light snow,2022-01-09 06:49:28
80,Gloversville,43.0528,-74.3438,28.94,74,100,3.44,US,overcast clouds,2022-01-09 06:47:50
81,Kapaa,22.0752,-159.319,71.92,77,100,0.0,US,overcast clouds,2022-01-09 06:49:29
82,Biltine,14.5333,20.9167,76.39,16,10,6.29,TD,clear sky,2022-01-09 06:49:29
83,Avarua,-21.2078,-159.775,78.85,89,100,1.14,CK,overcast clouds,2022-01-09 06:49:29
84,Flinders,-34.5833,150.8552,77.2,76,100,4.88,AU,overcast clouds,2022-01-09 06:49:30
85,Ahipara,-35.1667,173.1667,70.18,72,100,1.68,NZ,overcast clouds,2022-01-09 06:49:30
86,Durban,-29.8579,31.0292,79.02,79,95,5.01,ZA,overcast clouds,2022-01-09 06:45:33
87,Itarema,-2.9248,-39.9167,76.19,84,85,8.84,BR,overcast clouds,2022-01-09 06:49:31
88,Qaanaaq,77.484,-69.3632,-6.11,75,36,5.19,GL,scattered clouds,2022-01-09 06:49:32
89,Boralday,43.3578,76.8594,30.06,100,100,4.47,KZ,fog,2022-01-09 06:49:32
90,Namatanai,-3.6667,152.4333,82.99,67,46,8.12,PG,scattered clouds,2022-01-09 06:49:33
91,Vostok,46.4856,135.8833,-4.18,99,99,2.57,RU,overcast clouds,2022-01-09 06:49:33
92,Los Llanos De Aridane,28.6585,-17.9182,68.13,29,0,8.99,ES,clear sky,2022-01-09 06:49:33
93,Cidreira,-30.1811,-50.2056,71.29,68,78,15.57,BR,broken clouds,2022-01-09 06:50:34
94,Cabo San Lucas,22.8909,-109.9124,68.5,80,38,3.0,MX,scattered clouds,2022-01-09 06:49:04
95,Shorapani,42.0898,43.0866,51.39,62,21,11.68,GE,few clouds,2022-01-09 06:50:35
96,New Norfolk,-42.7826,147.0587,71.1,67,100,5.01,AU,overcast clouds,2022-01-09 06:50:35
97,Nikolskoye,59.7035,30.7861,21.09,95,100,6.44,RU,snow,2022-01-09 06:50:35
98,Parksville,49.3163,-124.3195,40.64,99,100,26.46,CA,overcast clouds,2022-01-09 06:50:36
99,Souillac,-20.5167,57.5167,84.58,74,40,10.36,MU,light rain,2022-01-09 06:50:36
100,Majene,-3.5403,118.9707,86.86,63,90,11.18,ID,overcast clouds,2022-01-09 06:50:37
101,Shawnee,39.05,-95.7669,37.18,78,0,5.01,US,clear sky,2022-01-09 06:50:37
102,Ratnagiri,16.9833,73.3,78.57,69,100,9.55,IN,overcast clouds,2022-01-09 06:50:37
103,Faanui,-16.4833,-151.75,81.18,75,11,5.75,PF,few clouds,2022-01-09 06:50:38
104,Upernavik,72.7868,-56.1549,9.57,98,100,6.4,GL,overcast clouds,2022-01-09 06:50:39
105,Moissala,8.3404,17.7663,83.44,19,7,6.85,TD,clear sky,2022-01-09 06:50:39
106,Belyy Yar,53.6039,91.3903,8.49,72,50,0.0,RU,mist,2022-01-09 06:50:39
107,Qui Nhon,13.7667,109.2333,75.74,85,92,10.8,VN,overcast clouds,2022-01-09 06:50:40
108,Vila Franca Do Campo,37.7167,-25.4333,59.2,71,97,6.22,PT,overcast clouds,2022-01-09 06:50:40
109,Carnarvon,-24.8667,113.6333,82.47,47,0,20.71,AU,clear sky,2022-01-09 06:50:41
110,Tiksi,71.6872,128.8694,-16.56,95,100,9.93,RU,overcast clouds,2022-01-09 06:50:41
111,Dawei,14.0833,98.2,89.62,42,5,10.33,MM,clear sky,2022-01-09 06:50:42
112,Gulu,2.7746,32.299,83.57,30,100,7.9,UG,overcast clouds,2022-01-09 06:50:42
113,Komsomolskiy,40.4272,71.7189,40.42,75,75,0.0,UZ,mist,2022-01-09 06:50:43
114,Hithadhoo,-0.6,73.0833,82.06,72,12,4.63,MV,few clouds,2022-01-09 06:50:43
115,Vaini,-21.2,-175.2,77.16,100,100,3.44,TO,light rain,2022-01-09 06:50:19
116,Barstow,34.8986,-117.0228,48.54,36,0,4.25,US,clear sky,2022-01-09 06:50:44
117,Bethel,41.3712,-73.414,31.5,70,0,0.0,US,clear sky,2022-01-09 06:47:31
118,Havre-Saint-Pierre,50.2334,-63.5986,14.59,66,100,6.91,CA,overcast clouds,2022-01-09 06:50:15
119,Hasaki,35.7333,140.8333,57.49,34,100,4.5,JP,overcast clouds,2022-01-09 06:50:45
120,Camacha,33.0833,-16.3333,60.22,72,40,19.57,PT,scattered clouds,2022-01-09 06:50:45
121,Mount Barker,-35.0667,138.8667,92.37,35,0,7.31,AU,clear sky,2022-01-09 06:50:45
122,Castro,-24.7911,-50.0119,54.32,96,63,5.1,BR,broken clouds,2022-01-09 06:50:46
123,Riyadh,24.6877,46.7219,55.54,21,0,8.01,SA,clear sky,2022-01-09 06:47:12
124,Khatanga,71.9667,102.5,-12.69,99,30,5.21,RU,scattered clouds,2022-01-09 06:50:46
125,Providencia,28.7167,-111.5833,60.85,74,100,3.6,MX,overcast clouds,2022-01-09 06:50:47
126,Linjiang,41.8069,126.9078,22.87,64,83,0.92,CN,broken clouds,2022-01-09 06:50:47
127,Vardo,70.3705,31.1107,24.24,75,100,27.02,NO,light snow,2022-01-09 06:50:48
128,Avanigadda,16.0215,80.9181,82.54,55,17,9.48,IN,few clouds,2022-01-09 06:50:48
129,Qaqortoq,60.7167,-46.0333,10.6,80,100,1.5,GL,overcast clouds,2022-01-09 06:50:49
130,Salalah,17.0151,54.0924,75.36,26,1,4.0,OM,clear sky,2022-01-09 06:50:47
131,Arraial Do Cabo,-22.9661,-42.0278,71.98,91,100,5.3,BR,overcast clouds,2022-01-09 06:50:49
132,Fortuna,40.5982,-124.1573,42.19,100,0,8.05,US,clear sky,2022-01-09 06:50:50
133,Ucluelet,48.9329,-125.5528,44.1,93,100,9.64,CA,overcast clouds,2022-01-09 06:50:50
134,Ongandjera,-17.8833,15.0667,77.94,53,100,7.29,NA,overcast clouds,2022-01-09 06:50:51
135,Kulhudhuffushi,6.6221,73.07,80.89,73,3,11.34,MV,clear sky,2022-01-09 06:50:51
136,Pacific Grove,36.6177,-121.9166,50.14,86,0,1.01,US,clear sky,2022-01-09 06:49:36
137,Tura,25.5198,90.2201,76.86,37,0,5.46,IN,clear sky,2022-01-09 06:50:52
138,Samarinda,-0.5,117.15,83.44,82,100,2.93,ID,overcast clouds,2022-01-09 06:47:51
139,Uniontown,39.9001,-79.7164,38.55,84,100,4.45,US,overcast clouds,2022-01-09 06:50:52
140,Bambous Virieux,-20.3428,57.7575,84.45,74,40,10.36,MU,scattered clouds,2022-01-09 06:50:53
141,Mbengwi,6.0167,10.0,71.67,42,64,1.59,CM,broken clouds,2022-01-09 06:51:53
142,Kahului,20.8947,-156.47,71.83,86,40,6.91,US,scattered clouds,2022-01-09 06:51:54
143,Ancud,-41.8697,-73.8203,58.23,88,100,4.07,CL,overcast clouds,2022-01-09 06:51:24
144,Kamaishi,39.2667,141.8833,38.35,66,6,10.33,JP,clear sky,2022-01-09 06:51:55
145,Rosetta,31.4044,30.4164,53.42,68,0,22.79,EG,clear sky,2022-01-09 06:51:55
146,Ribeira Grande,38.5167,-28.7,59.59,75,98,17.38,PT,overcast clouds,2022-01-09 06:51:55
147,Meulaboh,4.1363,96.1285,80.11,77,100,3.4,ID,overcast clouds,2022-01-09 06:51:56
148,Kaitangata,-46.2817,169.8464,56.97,97,100,4.07,NZ,light rain,2022-01-09 06:51:57
149,Guarapari,-20.6667,-40.4975,73.29,96,100,2.59,BR,overcast clouds,2022-01-09 06:51:58
150,Makat,47.6469,53.3463,24.31,57,8,13.38,KZ,clear sky,2022-01-09 06:51:58
151,Carthage,36.8611,10.3316,55.26,81,40,9.22,TN,scattered clouds,2022-01-09 06:51:58
152,San Rafael,-34.6177,-68.3301,79.45,34,11,10.02,AR,few clouds,2022-01-09 06:51:59
153,Zhenhai,24.2582,118.0905,65.08,72,9,13.42,CN,clear sky,2022-01-09 06:51:59
154,Zhanaozen,43.3,52.8,34.84,56,39,19.26,KZ,scattered clouds,2022-01-09 06:52:00
155,Klaksvik,62.2266,-6.589,38.32,90,63,21.79,FO,broken clouds,2022-01-09 06:52:00
156,Batsfjord,70.6345,29.7185,22.84,80,100,22.97,NO,light snow,2022-01-09 06:52:01
157,Clyde River,70.4692,-68.5914,-10.97,77,100,20.71,CA,overcast clouds,2022-01-09 06:52:01
158,Juneau,58.3019,-134.4197,14.22,91,100,3.44,US,light snow,2022-01-09 06:51:26
159,Carutapera,-1.195,-46.02,74.91,94,100,1.39,BR,overcast clouds,2022-01-09 06:52:02
160,Rafaela,-31.2503,-61.4867,71.01,57,0,5.35,AR,clear sky,2022-01-09 06:52:02
161,Gasa,31.5,34.4667,68.88,45,5,10.76,PS,clear sky,2022-01-09 06:51:44
162,Plouzane,48.3833,-4.6167,48.38,87,75,16.11,FR,broken clouds,2022-01-09 06:52:03
163,Caravelas,-17.7125,-39.2481,76.6,91,100,10.04,BR,overcast clouds,2022-01-09 06:52:03
164,Ler,8.3018,30.1418,86.74,19,100,7.23,SS,overcast clouds,2022-01-09 06:52:04
165,Nanortalik,60.1432,-45.2371,15.71,81,100,13.47,GL,light snow,2022-01-09 06:52:04
166,Lac Du Bonnet,50.2536,-96.0612,-2.6,91,100,13.42,CA,overcast clouds,2022-01-09 06:47:42
167,Yulara,-25.2406,130.9889,105.64,6,0,6.91,AU,clear sky,2022-01-09 06:52:05
168,Sistranda,63.7256,8.834,31.96,70,3,15.46,NO,clear sky,2022-01-09 06:52:05
169,Kidal,18.4411,1.4078,55.09,21,4,11.07,ML,clear sky,2022-01-09 06:52:06
170,Nanakuli,21.3906,-158.1547,75.15,78,20,5.75,US,few clouds,2022-01-09 06:52:07
171,Namibe,-15.1961,12.1522,70.29,68,89,6.42,AO,overcast clouds,2022-01-09 06:52:07
172,Thompson,55.7435,-97.8558,-18.24,69,20,12.66,CA,few clouds,2022-01-09 06:51:22
173,Airai,-8.9266,125.4092,69.26,81,91,2.08,TL,overcast clouds,2022-01-09 06:52:08
174,Lagoa,39.05,-27.9833,58.44,70,48,10.63,PT,scattered clouds,2022-01-09 06:52:08
175,Half Moon Bay,37.4636,-122.4286,51.98,85,0,0.0,US,clear sky,2022-01-09 06:52:09
176,Sisimiut,66.9395,-53.6735,5.5,82,16,8.81,GL,few clouds,2022-01-09 06:52:09
177,Deer Lake,49.1667,-57.4316,12.06,73,75,5.75,CA,broken clouds,2022-01-09 06:52:10
178,Tondano,1.3038,124.9112,78.89,58,41,4.85,ID,scattered clouds,2022-01-09 06:52:10
179,Jacareacanga,-6.2222,-57.7528,71.01,100,100,1.41,BR,overcast clouds,2022-01-09 06:52:11
180,Kargasok,59.0556,80.8572,23.36,94,99,9.62,RU,overcast clouds,2022-01-09 06:52:11
181,Japura,-0.3167,102.35,86.16,68,99,4.72,ID,overcast clouds,2022-01-09 06:52:12
182,Hohhot,40.8106,111.6522,30.49,47,100,4.47,CN,haze,2022-01-09 06:52:12
183,Ipixuna,-1.7625,-48.8043,76.95,97,100,2.44,BR,overcast clouds,2022-01-09 06:52:12
184,Jalu,29.0331,21.5482,51.33,44,0,19.89,LY,clear sky,2022-01-09 06:53:13
185,Sorland,67.667,12.6934,32.58,70,7,14.94,NO,clear sky,2022-01-09 06:53:13
186,Filadelfia,39.9523,-75.1638,30.34,69,0,4.0,US,clear sky,2022-01-09 06:51:02
187,Balkanabat,39.5108,54.3671,50.09,76,87,8.66,TM,overcast clouds,2022-01-09 06:53:14
188,Aljezur,37.3191,-8.8033,45.34,92,43,7.99,PT,scattered clouds,2022-01-09 06:53:14
189,Katsuura,35.1333,140.3,56.1,55,100,9.06,JP,overcast clouds,2022-01-09 06:53:15
190,Turgenevo,54.8455,46.3297,9.07,96,57,5.39,RU,broken clouds,2022-01-09 06:53:15
191,Mehamn,71.0357,27.8492,23.94,74,100,20.78,NO,light snow,2022-01-09 06:53:16
192,Sao Joao Da Barra,-21.6403,-41.0511,72.27,96,100,9.13,BR,overcast clouds,2022-01-09 06:53:16
193,Vilyuysk,63.7553,121.6247,-34.28,99,13,3.91,RU,few clouds,2022-01-09 06:53:17
194,Thinadhoo,0.5333,72.9333,82.02,73,17,5.53,MV,few clouds,2022-01-09 06:53:17
195,Makakilo City,21.3469,-158.0858,73.72,77,20,5.75,US,few clouds,2022-01-09 06:51:13
196,Kavieng,-2.5744,150.7967,83.52,70,66,7.72,PG,broken clouds,2022-01-09 06:53:18
197,Saskylakh,71.9167,114.0833,-5.75,84,100,18.21,RU,overcast clouds,2022-01-09 06:53:19
198,Vanimo,-2.6741,141.3028,77.59,89,100,6.02,PG,overcast clouds,2022-01-09 06:53:19
199,Hualmay,-11.0964,-77.6139,69.28,87,58,7.61,PE,broken clouds,2022-01-09 06:50:42
200,Nianzishan,47.5167,122.8833,12.25,65,83,6.73,CN,broken clouds,2022-01-09 06:53:20
201,Chernukha,55.5974,43.7556,14.9,94,100,10.16,RU,overcast clouds,2022-01-09 06:53:20
202,Dunedin,-45.8742,170.5036,62.02,80,100,3.38,NZ,overcast clouds,2022-01-09 06:51:01
203,Mayumba,-3.432,10.6554,77.61,92,100,4.05,GA,light rain,2022-01-09 06:53:21
204,Darnah,32.767,22.6367,52.68,77,57,24.92,LY,broken clouds,2022-01-09 06:53:21
205,Suntar,62.1444,117.6319,-28.61,98,6,3.87,RU,clear sky,2022-01-09 06:53:22
206,Helena,46.5927,-112.0361,23.99,58,0,6.91,US,clear sky,2022-01-09 06:49:32
207,Rocha,-34.4833,-54.3333,59.52,92,0,6.04,UY,clear sky,2022-01-09 06:53:23
208,Mukhen,48.1,136.1,-4.04,98,97,1.61,RU,overcast clouds,2022-01-09 06:53:23
209,Port-Gentil,-0.7193,8.7815,80.56,89,40,3.44,GA,scattered clouds,2022-01-09 06:52:37
210,Devils Lake,48.1128,-98.8651,-11.22,78,0,17.0,US,haze,2022-01-09 06:53:24
211,Skjervoy,70.0311,20.9714,26.33,72,43,8.32,NO,light snow,2022-01-09 06:53:24
212,Vao,-22.6667,167.4833,77.34,88,1,26.13,NC,clear sky,2022-01-09 06:50:40
213,Qorveh,35.1664,47.8045,41.25,38,0,2.46,IR,clear sky,2022-01-09 06:53:25
214,Lavrentiya,65.5833,-171.0,-13.97,87,4,8.23,RU,clear sky,2022-01-09 06:53:21
215,Olafsvik,64.8945,-23.7142,35.64,69,13,10.87,IS,few clouds,2022-01-09 06:53:26
216,Lata,40.1629,-8.3327,53.82,87,100,2.04,PT,overcast clouds,2022-01-09 06:50:18
217,Tyret Pervaya,53.6703,102.3106,0.48,95,81,6.64,RU,broken clouds,2022-01-09 06:53:27
218,Torbay,47.6666,-52.7314,16.75,79,75,11.01,CA,broken clouds,2022-01-09 06:50:53
219,Nome,64.5011,-165.4064,5.07,47,0,5.75,US,clear sky,2022-01-09 06:51:14
220,Daoukro,7.0591,-3.9631,70.66,94,15,1.83,CI,few clouds,2022-01-09 06:53:28
221,Maceio,-9.6658,-35.7353,74.64,94,0,5.75,BR,clear sky,2022-01-09 06:49:53
222,Zelenoborsk,61.4669,64.0333,5.27,82,22,11.25,RU,few clouds,2022-01-09 06:53:29
223,Sale,34.0389,-6.8166,50.63,100,0,4.61,MA,clear sky,2022-01-09 06:53:29
224,Kolosovka,56.4678,73.611,19.62,94,93,9.13,RU,overcast clouds,2022-01-09 06:53:30
225,Newbury,51.4003,-1.3206,39.49,88,17,11.5,GB,few clouds,2022-01-09 06:53:30
226,Hamilton,39.1834,-84.5333,43.77,88,100,3.0,US,overcast clouds,2022-01-09 06:53:31
227,Tasiilaq,65.6145,-37.6368,29.57,90,100,32.14,GL,light snow,2022-01-09 06:50:34
228,Turtas,58.9417,69.1325,4.57,89,13,9.82,RU,few clouds,2022-01-09 06:53:31
229,Alugan,12.2188,125.4808,81.59,73,21,5.35,PH,few clouds,2022-01-09 06:53:32
230,Touros,-5.1989,-35.4608,76.1,83,24,7.16,BR,few clouds,2022-01-09 06:54:32
231,Ambulu,-8.345,113.6058,84.29,73,100,9.42,ID,overcast clouds,2022-01-09 06:54:33
232,Grindavik,63.8424,-22.4338,36.07,69,75,9.22,IS,broken clouds,2022-01-09 06:54:33
233,Cap Malheureux,-19.9842,57.6142,84.69,79,62,8.99,MU,broken clouds,2022-01-09 06:54:34
234,Jiuquan,39.7432,98.5174,31.32,41,100,6.44,CN,overcast clouds,2022-01-09 06:54:34
235,Port Augusta,-32.5,137.7667,98.71,13,0,10.2,AU,clear sky,2022-01-09 06:54:35
236,Dikson,73.5069,80.5464,-13.94,98,84,11.5,RU,broken clouds,2022-01-09 06:54:35
237,Yuzhne,46.6221,31.1013,37.62,95,100,11.59,UA,overcast clouds,2022-01-09 06:54:36
238,Whitehorse,60.7161,-135.0538,-29.9,66,100,3.0,CA,light snow,2022-01-09 06:51:41
239,Sept-Iles,50.2001,-66.3821,4.05,72,100,0.0,CA,overcast clouds,2022-01-09 06:54:37
240,Henties Bay,-22.116,14.2845,64.85,86,100,3.29,NA,overcast clouds,2022-01-09 06:54:37
241,Raudeberg,61.9875,5.1352,36.27,66,100,3.0,NO,overcast clouds,2022-01-09 06:53:11
242,Marrakesh,31.6315,-8.0083,41.07,60,0,4.61,MA,clear sky,2022-01-09 06:53:21
243,Yucca Valley,34.1142,-116.4322,49.06,41,54,1.99,US,broken clouds,2022-01-09 06:54:38
244,Poltavka,54.3663,71.7632,17.85,93,98,14.03,RU,overcast clouds,2022-01-09 06:54:39
245,Saint George,37.1041,-113.5841,45.19,52,0,4.0,US,clear sky,2022-01-09 06:51:22
246,Duku,11.2361,4.9073,70.65,21,0,5.19,NG,clear sky,2022-01-09 06:54:39
247,Tilichiki,60.4667,166.1,-0.33,86,99,9.17,RU,overcast clouds,2022-01-09 06:54:40
248,Rio Gallegos,-51.6226,-69.2181,48.25,57,40,8.05,AR,scattered clouds,2022-01-09 06:54:40
249,Talnakh,69.4865,88.3972,10.17,94,100,9.8,RU,light snow,2022-01-09 06:54:40
250,Korla,41.7597,86.1469,32.59,39,0,1.66,CN,clear sky,2022-01-09 06:54:41
251,Rivera,-30.9053,-55.5508,60.55,81,24,8.77,UY,few clouds,2022-01-09 06:54:42
252,Weligama,5.9667,80.4167,81.45,78,100,5.44,LK,overcast clouds,2022-01-09 06:54:44
253,Richards Bay,-28.783,32.0377,80.74,62,63,8.66,ZA,broken clouds,2022-01-09 06:54:45
254,Reconquista,-29.15,-59.65,69.85,59,0,6.46,AR,light rain,2022-01-09 06:54:45
255,Bandar,2.05,99.75,85.06,73,59,2.15,ID,broken clouds,2022-01-09 06:54:46
256,Ilulissat,69.2167,-51.1,6.15,93,100,3.15,GL,overcast clouds,2022-01-09 06:54:46
257,West Bay,19.3667,-81.4167,79.0,84,99,1.99,KY,overcast clouds,2022-01-09 06:54:47
258,Lorengau,-2.0226,147.2712,82.22,77,100,7.85,PG,overcast clouds,2022-01-09 06:54:48
259,Trelew,-43.249,-65.3051,71.64,62,6,11.81,AR,clear sky,2022-01-09 06:54:49
260,Laguna,38.421,-121.4238,49.05,94,0,3.0,US,clear sky,2022-01-09 06:54:49
261,Itoman,26.1247,127.6694,71.98,68,75,9.22,JP,broken clouds,2022-01-09 06:50:24
262,Haukipudas,65.1765,25.3523,-9.35,100,34,4.34,FI,scattered clouds,2022-01-09 06:54:50
263,Araouane,18.9048,-3.5265,49.35,25,24,13.56,ML,few clouds,2022-01-09 06:54:51
264,Fuyu,45.1833,124.8167,8.31,92,78,3.83,CN,broken clouds,2022-01-09 06:54:51
265,Margate,51.3813,1.3862,38.95,80,6,1.99,GB,clear sky,2022-01-09 06:54:52
266,Teguise,29.0605,-13.564,57.42,77,0,5.75,ES,clear sky,2022-01-09 06:54:52
267,Kruisfontein,-34.0033,24.7314,76.89,53,0,7.34,ZA,clear sky,2022-01-09 06:54:53
268,Necochea,-38.5473,-58.7368,66.04,78,6,18.01,AR,clear sky,2022-01-09 06:54:53
269,Severo-Kurilsk,50.6789,156.125,31.06,90,100,17.87,RU,light snow,2022-01-09 06:54:53
270,Inhambane,-23.865,35.3833,80.58,78,40,7.0,MZ,scattered clouds,2022-01-09 06:54:54
271,Mezen,65.8522,44.24,8.74,91,100,12.06,RU,overcast clouds,2022-01-09 06:54:54
272,Monte Azul,-15.155,-42.8747,68.85,96,100,3.62,BR,overcast clouds,2022-01-09 06:55:55
273,Shingu,33.7333,135.9833,56.39,62,100,3.44,JP,overcast clouds,2022-01-09 06:53:30
274,Metro,-5.1131,105.3067,87.69,63,95,5.23,ID,overcast clouds,2022-01-09 06:55:56
275,Douglas,41.3,-96.167,22.82,62,40,4.0,US,scattered clouds,2022-01-09 06:55:56
276,Kladovo,44.6067,22.6119,36.5,100,100,1.07,RS,overcast clouds,2022-01-09 06:55:57
277,Ankang,32.68,109.0172,54.0,49,23,0.85,CN,few clouds,2022-01-09 06:55:57
278,Znamenskoye,57.1281,73.8282,17.38,93,92,7.47,RU,overcast clouds,2022-01-09 06:55:58
279,Coracao De Jesus,-16.6853,-44.365,66.0,99,100,2.84,BR,overcast clouds,2022-01-09 06:55:58
280,Gushikawa,26.3544,127.8686,71.19,65,0,10.36,JP,clear sky,2022-01-09 06:55:58
281,Tiznit,29.5833,-9.5,52.97,35,34,5.93,MA,scattered clouds,2022-01-09 06:55:59
282,Hambantota,6.1241,81.1185,82.74,83,75,14.97,LK,broken clouds,2022-01-09 06:55:59
283,Mahibadhoo,3.7833,72.9667,81.57,76,96,11.56,MV,overcast clouds,2022-01-09 06:56:00
284,Poum,-20.2333,164.0167,82.29,77,21,8.41,NC,few clouds,2022-01-09 06:56:00
285,Nampa,43.5407,-116.5635,26.65,100,0,5.75,US,clear sky,2022-01-09 06:56:01
286,Ust-Ilimsk,58.0006,102.6619,0.28,82,21,4.94,RU,few clouds,2022-01-09 06:56:01
287,Beaufort,5.3473,115.7455,86.16,71,50,3.2,MY,scattered clouds,2022-01-09 06:56:01
288,Mmathubudukwane,-24.6,26.4333,72.46,49,6,11.92,BW,clear sky,2022-01-09 06:55:46
289,Aykhal,66.0,111.5,-3.59,65,100,22.84,RU,overcast clouds,2022-01-09 06:56:02
290,Thunder Bay,48.4001,-89.3168,10.38,70,75,17.27,CA,broken clouds,2022-01-09 06:56:03
291,Auki,-8.7676,160.7034,80.83,82,16,7.38,SB,few clouds,2022-01-09 06:56:03
292,Tigil,57.8,158.6667,18.86,81,26,6.49,RU,scattered clouds,2022-01-09 06:56:04
293,Moranbah,-22.0016,148.0466,91.51,45,17,22.08,AU,few clouds,2022-01-09 06:56:04
294,Nicoya,10.1483,-85.452,78.35,79,67,8.14,CR,broken clouds,2022-01-09 06:56:04
295,Porto Novo,6.4965,2.6036,80.42,80,92,3.98,BJ,overcast clouds,2022-01-09 06:54:19
296,Beaverlodge,55.2166,-119.4361,-8.25,99,100,3.78,CA,snow,2022-01-09 06:56:05
297,Port-Cartier,50.0334,-66.8654,3.74,85,100,3.98,CA,overcast clouds,2022-01-09 06:56:06
298,Fairbanks,64.8378,-147.7164,-16.6,58,0,9.22,US,clear sky,2022-01-09 06:56:06
299,Arvika,59.6553,12.5852,29.01,93,100,7.16,SE,overcast clouds,2022-01-09 06:56:07
300,Karatu,-3.3333,35.6667,76.06,41,100,6.49,TZ,overcast clouds,2022-01-09 06:56:07
301,Isangel,-19.55,169.2667,87.91,70,75,13.8,VU,broken clouds,2022-01-09 06:52:47
302,Ostrovnoy,68.0531,39.5131,12.49,95,100,15.41,RU,overcast clouds,2022-01-09 06:56:08
303,Buraydah,26.326,43.975,61.25,30,0,13.06,SA,clear sky,2022-01-09 06:56:08
304,Gaoual,11.75,-13.2,67.82,71,58,1.57,GN,broken clouds,2022-01-09 06:56:09
305,Quatre Cocos,-20.2078,57.7625,84.31,69,41,7.45,MU,scattered clouds,2022-01-09 06:54:06
306,Nantucket,41.2835,-70.0995,35.71,73,40,17.27,US,scattered clouds,2022-01-09 06:56:09
307,Tarko-Sale,64.9225,77.785,-1.77,97,95,7.07,RU,overcast clouds,2022-01-09 06:56:10
308,Benguela,-12.5763,13.4055,75.94,83,100,2.82,AO,overcast clouds,2022-01-09 06:56:10
309,Linxia,35.6003,103.2064,37.89,52,28,6.08,CN,scattered clouds,2022-01-09 06:56:11
310,Mbini,1.574,9.6134,80.49,83,100,2.98,GQ,overcast clouds,2022-01-09 06:56:11
311,Vanavara,60.34,102.2797,-0.62,79,22,7.85,RU,few clouds,2022-01-09 06:56:12
312,Novoagansk,61.9449,76.6625,-3.44,97,10,8.25,RU,clear sky,2022-01-09 06:56:12
313,Broome,42.2506,-75.833,29.17,63,100,3.0,US,light snow,2022-01-09 06:56:12
314,Saint-Augustin,51.226,-58.6502,-5.6,81,77,11.16,CA,broken clouds,2022-01-09 06:56:13
315,Tambilil,5.9622,124.6697,84.63,72,100,2.82,PH,overcast clouds,2022-01-09 06:56:13
316,Maningrida,-12.0667,134.2667,90.37,54,54,6.6,AU,broken clouds,2022-01-09 06:56:14
317,Wanning,18.8003,110.3967,72.46,76,57,10.16,CN,broken clouds,2022-01-09 06:56:14
318,Evanston,42.0411,-87.6901,34.99,94,100,4.0,US,mist,2022-01-09 06:56:15
319,Atar,20.5169,-13.0499,60.48,22,11,13.73,MR,few clouds,2022-01-09 06:56:15
320,Mount Isa,-20.7333,139.5,105.57,6,5,9.22,AU,clear sky,2022-01-09 06:57:16
321,Zeya,53.75,127.2667,-4.61,87,19,3.49,RU,few clouds,2022-01-09 06:54:01
322,Conde,-7.2597,-34.9075,74.66,94,20,2.3,BR,few clouds,2022-01-09 06:55:16
323,Lasa,46.6166,10.7002,27.34,90,99,4.59,IT,overcast clouds,2022-01-09 06:57:16
324,Brae,60.3964,-1.353,42.71,89,100,16.51,GB,overcast clouds,2022-01-09 06:54:28
325,Honningsvag,70.9821,25.9704,27.28,62,100,21.32,NO,light snow,2022-01-09 06:56:04
326,Leningradskiy,69.3833,178.4167,-13.38,95,97,11.56,RU,overcast clouds,2022-01-09 06:57:17
327,Elko,41.0002,-115.5012,21.06,94,55,5.35,US,broken clouds,2022-01-09 06:57:18
328,Black Diamond,47.3087,-122.0032,38.8,88,100,5.06,US,overcast clouds,2022-01-09 06:57:18
329,Osorno,-40.5667,-73.15,60.26,90,72,0.69,CL,broken clouds,2022-01-09 06:53:52
330,Rock Sound,24.9,-76.2,75.6,76,99,27.45,BS,overcast clouds,2022-01-09 06:57:19
331,Egvekinot,66.3167,-179.1667,-7.28,79,13,11.18,RU,few clouds,2022-01-09 06:57:20
332,Ortigueira,-24.2083,-50.9494,54.75,98,37,3.74,BR,scattered clouds,2022-01-09 06:57:20
333,Vallenar,-28.5708,-70.7581,64.04,73,100,2.8,CL,overcast clouds,2022-01-09 06:57:20
334,Port Hardy,50.6996,-127.4199,46.76,87,75,12.66,CA,broken clouds,2022-01-09 06:57:21
335,Kindu,-2.95,25.95,74.77,88,100,2.48,CD,overcast clouds,2022-01-09 06:57:21
336,Mahebourg,-20.4081,57.7,84.49,74,40,10.36,MU,scattered clouds,2022-01-09 06:57:22
337,Kushmurun,52.4503,64.6311,10.9,85,7,11.32,KZ,clear sky,2022-01-09 06:57:22
338,Chumikan,54.7183,135.315,-5.84,83,89,13.85,RU,overcast clouds,2022-01-09 06:57:23
339,Kilindoni,-7.9139,39.6668,83.28,74,100,13.91,TZ,overcast clouds,2022-01-09 06:57:23
340,Cap-Aux-Meules,47.3821,-61.8597,23.02,68,100,14.97,CA,overcast clouds,2022-01-09 06:57:24
341,Ouesso,1.6136,16.0517,83.07,42,62,0.67,CG,broken clouds,2022-01-09 06:57:24
342,Ponta Do Sol,32.6667,-17.1,63.23,71,41,11.56,PT,scattered clouds,2022-01-09 06:57:25
343,Ayan,56.45,138.1667,-3.89,75,98,13.69,RU,overcast clouds,2022-01-09 06:55:22
344,Ngunguru,-35.6167,174.5,73.17,75,100,6.2,NZ,overcast clouds,2022-01-09 06:57:25
345,Kieta,-6.2167,155.6333,81.7,84,52,10.02,PG,moderate rain,2022-01-09 06:57:26
346,Sao Felix Do Xingu,-6.6447,-51.995,69.51,100,100,0.56,BR,overcast clouds,2022-01-09 06:54:08
347,Koson,39.0375,65.585,41.32,46,9,1.83,UZ,clear sky,2022-01-09 06:57:27
348,Cividale Del Friuli,46.0931,13.4275,36.7,68,100,3.94,IT,light snow,2022-01-09 06:57:27
349,Leshukonskoye,64.8989,45.7622,0.23,95,95,9.31,RU,overcast clouds,2022-01-09 06:57:28
350,Okhotsk,59.3833,143.3,2.93,79,100,15.08,RU,overcast clouds,2022-01-09 06:57:28
351,Sal Rei,16.1833,-22.9167,68.56,71,92,14.41,CV,overcast clouds,2022-01-09 06:57:29
352,Zhaotong,27.3167,103.7167,49.89,63,69,4.21,CN,broken clouds,2022-01-09 06:57:29
353,Ust-Tsilma,65.441,52.1498,10.92,81,100,11.27,RU,overcast clouds,2022-01-09 06:57:30
354,Bardiyah,31.7561,25.0865,52.88,71,59,25.7,LY,broken clouds,2022-01-09 06:52:57
355,Santo Domingo,18.5001,-69.9886,71.28,91,13,7.96,DO,few clouds,2022-01-09 06:57:24
356,Xinxiang,35.3089,113.8672,47.26,57,10,2.21,CN,clear sky,2022-01-09 06:57:31
357,Aksarka,66.5606,67.7975,-16.53,100,88,3.09,RU,overcast clouds,2022-01-09 06:57:31
358,Bourail,-21.5667,165.4833,80.82,81,28,10.07,NC,scattered clouds,2022-01-09 06:57:32
359,Vila Velha,-20.3297,-40.2925,73.35,97,100,4.61,BR,mist,2022-01-09 06:53:46
360,Uglovka,58.2392,33.5108,19.29,92,100,9.15,RU,snow,2022-01-09 06:57:32
361,Ramgarh,23.6333,85.5167,77.05,32,25,2.84,IN,scattered clouds,2022-01-09 06:57:33
362,Samarai,-10.6167,150.6667,77.88,87,100,7.31,PG,overcast clouds,2022-01-09 06:57:33
363,Tessalit,20.1986,1.0114,50.61,29,0,10.22,ML,clear sky,2022-01-09 06:57:34
364,Victoria,22.2855,114.1577,70.97,77,57,1.01,HK,broken clouds,2022-01-09 06:57:16
365,Tahe,52.3333,124.7333,-0.65,76,37,7.34,CN,scattered clouds,2022-01-09 06:57:35
366,Yantai,37.5333,121.4,36.25,57,100,6.87,CN,overcast clouds,2022-01-09 06:57:35
367,Constitucion,-35.3333,-72.4167,61.21,87,100,9.15,CL,overcast clouds,2022-01-09 06:57:35
368,Alice Springs,-23.7,133.8833,101.75,10,0,6.91,AU,clear sky,2022-01-09 06:58:36
369,Chirongui,-12.9319,45.1483,85.93,73,100,3.65,YT,light rain,2022-01-09 06:58:36
370,Paamiut,61.994,-49.6678,11.23,87,100,20.27,GL,overcast clouds,2022-01-09 06:58:37
371,Longyearbyen,78.2186,15.6401,15.64,86,75,4.61,SJ,broken clouds,2022-01-09 06:58:37
372,Sechura,-5.5569,-80.8222,70.9,77,100,5.46,PE,overcast clouds,2022-01-09 06:58:38
373,Tongchuan,35.0806,109.0897,43.77,49,14,5.77,CN,few clouds,2022-01-09 06:58:38
374,Bloomfield,40.8068,-74.1854,31.68,62,75,1.01,US,broken clouds,2022-01-09 06:58:38
375,Sai Buri,6.7013,101.6168,87.82,69,13,11.12,TH,few clouds,2022-01-09 06:58:39
376,Contamana,-7.3333,-75.0167,74.52,71,51,2.98,PE,broken clouds,2022-01-09 06:58:40
377,Marawi,7.9986,124.2928,73.65,82,100,5.19,PH,overcast clouds,2022-01-09 06:58:40
378,Creel,27.75,-107.6333,37.45,63,100,0.29,MX,overcast clouds,2022-01-09 06:58:40
379,Mahanoro,-19.9,48.8,81.91,70,100,7.47,MG,overcast clouds,2022-01-09 06:58:41
380,Gamba,-2.65,10.0,77.43,92,100,2.66,GA,overcast clouds,2022-01-09 06:58:41
381,Andros Town,24.7,-77.7667,73.36,75,100,24.43,BS,overcast clouds,2022-01-09 06:58:42
382,Tateyama,34.9833,139.8667,59.27,49,96,8.97,JP,overcast clouds,2022-01-09 06:58:42
383,Kroya,-7.6331,109.2461,84.43,72,100,8.19,ID,overcast clouds,2022-01-09 06:58:43
384,Pudozh,61.8099,36.5345,10.8,97,100,2.62,RU,overcast clouds,2022-01-09 06:58:43
385,Meadow Lake,34.8014,-106.5436,43.12,60,8,3.83,US,clear sky,2022-01-09 06:58:44
386,Australind,-33.2667,115.7167,76.05,27,7,15.77,AU,clear sky,2022-01-09 06:58:44
387,Nisia Floresta,-6.0911,-35.2086,77.38,86,100,4.52,BR,overcast clouds,2022-01-09 06:58:44
388,Boa Viagem,-5.1275,-39.7322,71.37,93,88,0.96,BR,overcast clouds,2022-01-09 06:58:45
389,Tabas,33.5959,56.9244,46.62,42,0,2.3,IR,clear sky,2022-01-09 06:58:45
390,Adamas,36.7333,24.4333,59.23,67,100,9.91,GR,overcast clouds,2022-01-09 06:58:46
391,San Quintin,30.4833,-115.95,56.73,80,100,3.53,MX,overcast clouds,2022-01-09 06:58:46
392,Augusta,48.3667,10.8833,39.04,83,100,20.71,DE,moderate rain,2022-01-09 06:55:45
393,Musafirkhana,26.3667,81.8,72.72,60,8,3.31,IN,clear sky,2022-01-09 06:58:47
394,Concarneau,47.875,-3.9225,48.99,81,100,18.61,FR,overcast clouds,2022-01-09 06:58:47
395,Srednekolymsk,67.45,153.6833,-17.55,95,100,3.85,RU,overcast clouds,2022-01-09 06:58:48
396,Atambua,-9.1061,124.8925,82.06,69,36,4.36,ID,scattered clouds,2022-01-09 06:58:48
397,Esperance,-33.8667,121.9,71.44,56,3,20.04,AU,clear sky,2022-01-09 06:58:49
398,Natal,-5.795,-35.2094,77.22,88,40,3.44,BR,scattered clouds,2022-01-09 06:58:07
399,Luderitz,-26.6481,15.1594,67.19,84,59,5.84,NA,broken clouds,2022-01-09 06:58:49
400,Tautira,-17.7333,-149.15,80.62,74,10,4.68,PF,light rain,2022-01-09 06:58:50
401,Cururupu,-1.8283,-44.8683,75.0,92,97,2.55,BR,overcast clouds,2022-01-09 06:58:50
402,Leh,34.1667,77.5833,18.88,71,100,4.21,IN,overcast clouds,2022-01-09 06:58:51
403,Pijijiapan,15.7011,-93.23,71.85,85,9,4.07,MX,clear sky,2022-01-09 06:58:51
404,Salinas,36.6777,-121.6555,49.82,80,0,5.28,US,clear sky,2022-01-09 06:58:48
405,Otjimbingwe,-22.35,16.1333,80.69,39,100,4.27,NA,overcast clouds,2022-01-09 06:58:52
406,Dombrad,48.2333,21.9333,24.08,98,36,5.28,HU,scattered clouds,2022-01-09 06:58:52
407,Snyder,32.7179,-100.9176,54.52,32,0,5.75,US,clear sky,2022-01-09 06:58:52
408,Najran,17.4924,44.1277,61.45,28,23,2.55,SA,few clouds,2022-01-09 06:58:53
409,Galveston,29.3669,-94.9669,74.21,94,90,5.99,US,overcast clouds,2022-01-09 06:58:53
410,Iskateley,67.6803,53.1512,14.09,92,100,19.53,RU,light snow,2022-01-09 06:58:54
411,Zemio,5.0314,25.1361,85.78,32,70,2.91,CF,broken clouds,2022-01-09 06:58:54
412,Ustrzyki Dolne,49.4304,22.5938,25.99,100,67,3.62,PL,broken clouds,2022-01-09 06:58:55
413,Kamenka,51.3223,42.7678,11.77,93,88,10.45,RU,overcast clouds,2022-01-09 06:58:55
414,Geraldton,-28.7667,114.6,77.41,44,0,28.77,AU,clear sky,2022-01-09 06:58:56
415,Monterey,36.2505,-121.2516,44.83,1,0,3.89,US,clear sky,2022-01-09 06:58:56
416,Melk,48.2274,15.3319,35.58,87,100,2.35,AT,light snow,2022-01-09 06:58:57
417,Svetlaya,46.5389,138.3297,15.08,60,1,5.1,RU,clear sky,2022-01-09 06:59:57
418,Port Moresby,-9.4431,147.1797,87.22,62,20,11.5,PG,haze,2022-01-09 06:55:16
419,Cruz Alta,-28.6386,-53.6064,67.98,71,36,9.26,BR,scattered clouds,2022-01-09 06:59:58
420,Hirara,24.8,125.2833,71.87,68,75,13.8,JP,broken clouds,2022-01-09 06:59:58
421,Kimbe,-5.5502,150.1429,77.36,90,100,5.59,PG,moderate rain,2022-01-09 06:59:59
422,Culpeper,38.5004,-77.9664,31.24,53,0,5.75,US,clear sky,2022-01-09 06:59:59
423,Huntsville,34.7304,-86.5861,50.02,69,100,1.99,US,overcast clouds,2022-01-09 07:00:00
424,Carahue,-38.7,-73.1667,57.74,93,62,2.06,CL,broken clouds,2022-01-09 07:00:00
425,La Rioja,42.25,-2.5,39.31,83,43,8.81,ES,scattered clouds,2022-01-09 07:00:01
426,Oranjemund,-28.55,16.4333,68.4,79,100,5.37,NA,overcast clouds,2022-01-09 07:00:02
427,Arlit,18.7369,7.3853,57.16,26,0,6.98,NE,clear sky,2022-01-09 07:00:05
428,Hurricane,37.1753,-113.2899,42.6,59,1,9.19,US,clear sky,2022-01-09 07:00:07
429,Zhanakorgan,43.9098,67.2495,37.92,59,100,3.74,KZ,overcast clouds,2022-01-09 06:55:24
430,Sobolevo,54.4299,31.8996,22.96,96,100,9.6,RU,snow,2022-01-09 07:00:09
431,Chimoio,-19.1164,33.4833,73.06,74,100,7.81,MZ,overcast clouds,2022-01-09 07:00:13
432,Acapulco,16.8634,-99.8901,74.61,80,9,3.65,MX,clear sky,2022-01-09 06:57:49
433,Salta,-24.7859,-65.4117,62.58,87,100,1.99,AR,overcast clouds,2022-01-09 07:00:13
434,Bongandanga,1.5,21.05,82.35,50,97,1.86,CD,overcast clouds,2022-01-09 07:00:15
435,Bondo,3.8146,23.6866,82.54,43,100,2.57,CD,overcast clouds,2022-01-09 07:00:16
436,Mecca,21.4267,39.8261,79.65,53,0,0.89,SA,clear sky,2022-01-09 07:00:08
437,Quesnel,52.9999,-122.5029,22.37,86,100,9.66,CA,overcast clouds,2022-01-09 07:00:17
438,Sundumbili,-29.1337,31.3975,78.24,68,52,11.48,ZA,broken clouds,2022-01-09 07:00:18
439,Valleyview,55.0667,-117.2859,-4.0,99,100,3.53,CA,light snow,2022-01-09 07:00:19
440,Mumford,5.2618,-0.759,78.67,85,98,7.38,GH,overcast clouds,2022-01-09 07:00:20
441,Kristoni,40.9556,22.8553,49.08,87,99,1.7,GR,overcast clouds,2022-01-09 07:00:21
442,Varenikovskaya,45.1209,37.6417,52.12,87,100,9.06,RU,overcast clouds,2022-01-09 07:00:22
443,Tezu,27.9167,96.1667,75.36,34,96,3.11,IN,overcast clouds,2022-01-09 07:00:22
444,Canto Do Buriti,-8.11,-42.9444,70.18,96,100,2.89,BR,overcast clouds,2022-01-09 07:00:23
445,Xining,36.6167,101.7667,35.13,40,100,3.85,CN,overcast clouds,2022-01-09 07:00:23
446,Christchurch,-43.5333,172.6333,75.99,39,99,9.22,NZ,overcast clouds,2022-01-09 06:59:27
447,Krasnoselkup,65.7,82.4667,1.9,96,97,6.93,RU,overcast clouds,2022-01-09 07:00:24
448,Tommot,58.9564,126.2925,-11.43,96,100,4.76,RU,overcast clouds,2022-01-09 07:00:24
449,Te Anau,-45.4167,167.7167,60.62,77,100,4.27,NZ,overcast clouds,2022-01-09 07:00:25
450,Belaya Gora,68.5333,146.4167,-27.09,100,87,2.19,RU,overcast clouds,2022-01-09 07:00:25
451,Valparaiso,-33.0393,-71.6273,62.24,88,100,4.61,CL,overcast clouds,2022-01-09 07:00:24
452,Bodden Town,19.2833,-81.25,78.93,85,97,18.48,KY,overcast clouds,2022-01-09 07:00:26
453,Eregli,37.5133,34.0467,45.01,58,89,4.45,TR,overcast clouds,2022-01-09 07:00:26
454,Fort Nelson,58.8053,-122.7002,-35.77,100,40,0.54,CA,scattered clouds,2022-01-09 07:00:27
455,Torrox,36.7579,-3.9523,50.36,27,0,14.61,ES,clear sky,2022-01-09 07:00:27
456,San Policarpo,12.1791,125.5072,81.7,72,37,5.46,PH,scattered clouds,2022-01-09 07:00:28
457,Lucapa,-8.4192,20.7447,71.89,88,100,0.11,AO,overcast clouds,2022-01-09 07:00:28
458,Bay-Khaak,51.1667,94.5,0.18,91,69,0.58,RU,broken clouds,2022-01-09 07:00:29
459,Ilebo,-4.3167,20.5833,77.43,87,97,2.01,CD,overcast clouds,2022-01-09 07:00:29
460,Norman Wells,65.282,-126.8329,-20.16,95,63,8.77,CA,broken clouds,2022-01-09 07:00:29
461,Tres Coroas,-29.5169,-50.7778,67.8,84,97,2.89,BR,overcast clouds,2022-01-09 07:00:30
462,Arona,28.0996,-16.681,65.14,31,20,14.97,ES,few clouds,2022-01-09 07:00:30
463,El Palmar,14.65,-91.5833,68.94,95,20,1.01,GT,few clouds,2022-01-09 07:00:31
464,Kalmunai,7.4167,81.8167,81.79,73,99,14.0,LK,overcast clouds,2022-01-09 07:00:31
465,Kaeo,-35.1,173.7833,73.33,78,100,3.51,NZ,overcast clouds,2022-01-09 07:01:32
466,Sayat,38.7839,63.8803,45.7,45,9,1.39,TM,clear sky,2022-01-09 07:01:32
467,Carpinteria,34.3989,-119.5185,56.61,66,100,3.47,US,overcast clouds,2022-01-09 07:01:33
468,Den Helder,52.9599,4.7593,44.58,78,75,17.0,NL,broken clouds,2022-01-09 07:01:33
469,Bogorodskoye,56.55,37.8833,23.09,83,100,12.84,RU,overcast clouds,2022-01-09 07:01:34
470,Karasjok,69.4719,25.5112,12.31,100,45,3.76,NO,scattered clouds,2022-01-09 07:01:34
471,Loreto,22.2667,-101.9667,53.47,29,100,1.66,MX,overcast clouds,2022-01-09 07:01:35
472,Grand Junction,39.0639,-108.5507,31.64,87,100,1.99,US,overcast clouds,2022-01-09 07:01:35
473,Iqaluit,63.7506,-68.5145,-16.38,95,100,2.44,CA,overcast clouds,2022-01-09 07:01:35
474,Ponta Delgada,37.7333,-25.6667,59.5,62,75,8.05,PT,broken clouds,2022-01-09 07:01:36
475,Tuatapere,-46.1333,167.6833,61.83,82,86,2.19,NZ,light rain,2022-01-09 07:01:36
476,Santa Cruz Cabralia,-16.2781,-39.0247,77.23,94,0,5.75,BR,clear sky,2022-01-09 07:01:37
477,Verkhnyaya Inta,65.9811,60.3094,4.15,90,100,21.16,RU,overcast clouds,2022-01-09 07:01:37
478,Juanjui,-7.1779,-76.7314,72.12,87,100,1.95,PE,overcast clouds,2022-01-09 07:01:37
479,Westport,41.1415,-73.3579,33.85,65,15,15.99,US,few clouds,2022-01-09 06:58:48
480,Deputatskiy,69.3,139.9,-27.71,94,11,6.89,RU,few clouds,2022-01-09 07:01:38
481,Senador Jose Porfirio,-2.5908,-51.9542,72.16,98,100,1.66,BR,overcast clouds,2022-01-09 07:01:39
482,Pokrovsk,48.282,37.1758,28.87,79,100,15.61,UA,overcast clouds,2022-01-09 07:01:39
483,Linqu,36.5156,118.5397,46.31,42,47,4.09,CN,scattered clouds,2022-01-09 07:01:39
484,Kuytun,54.3419,101.5036,0.27,95,78,7.09,RU,broken clouds,2022-01-09 07:01:40
485,Luena,-11.7833,19.9167,67.57,88,100,4.94,AO,overcast clouds,2022-01-09 07:01:40
486,Sabha,27.0377,14.4283,40.14,61,0,9.37,LY,clear sky,2022-01-09 07:01:31
487,Satipo,-11.2522,-74.6386,69.58,90,87,1.41,PE,overcast clouds,2022-01-09 07:01:41
488,Denpasar,-8.65,115.2167,87.46,70,20,9.22,ID,few clouds,2022-01-09 07:00:46
489,Sao Jose Da Coroa Grande,-8.8978,-35.1478,76.86,77,100,3.13,BR,overcast clouds,2022-01-09 07:01:44
490,Obidos,-1.9175,-55.5181,73.04,90,100,1.52,BR,overcast clouds,2022-01-09 07:01:45
491,Bandar-E Lengeh,26.5579,54.8807,68.13,49,3,5.01,IR,clear sky,2022-01-09 07:01:45
492,Adrar,20.5022,-10.0711,50.63,25,13,13.85,MR,few clouds,2022-01-09 07:01:46
493,Zaysan,47.4667,84.8667,16.52,93,85,2.66,KZ,overcast clouds,2022-01-09 07:01:46
494,Bereda,43.2686,-7.5406,55.0,100,100,7.34,ES,overcast clouds,2022-01-09 07:01:47
495,San Ramon,37.7799,-121.978,50.49,89,0,5.01,US,clear sky,2022-01-09 07:01:31
496,Trairi,-3.2778,-39.2689,76.23,84,46,6.35,BR,scattered clouds,2022-01-09 07:01:47
497,Dwarka,22.2394,68.9678,69.46,47,0,6.29,IN,clear sky,2022-01-09 06:58:30
498,Muravlenko,63.7898,74.523,-10.75,98,81,11.07,RU,broken clouds,2022-01-09 07:01:48
499,Odweyne,9.4092,45.064,72.93,44,0,1.7,SO,clear sky,2022-01-09 07:01:49
500,Lengshuitan,26.4111,111.5956,49.62,70,97,4.7,CN,overcast clouds,2022-01-09 07:01:49
501,Yermakovskoye,53.2831,92.4003,18.68,81,25,3.36,RU,scattered clouds,2022-01-09 07:01:50
502,La Ronge,55.1001,-105.2842,-19.95,69,0,6.91,CA,clear sky,2022-01-09 06:58:50
503,Chazuta,-6.5742,-76.1367,74.91,70,99,1.36,PE,overcast clouds,2022-01-09 07:01:50
504,Gravdal,68.1214,13.5031,27.84,78,15,8.93,NO,few clouds,2022-01-09 07:01:51
505,Novikovo,51.1537,37.8879,19.96,84,100,12.33,RU,snow,2022-01-09 07:01:51
506,Lazaro Cardenas,17.9583,-102.2,71.83,76,10,2.93,MX,clear sky,2022-01-09 07:01:52
507,Narsaq,60.9167,-46.05,14.22,84,100,1.52,GL,overcast clouds,2022-01-09 07:01:52
508,Karasburg,-28.0167,18.75,85.71,35,67,9.01,NA,broken clouds,2022-01-09 07:01:53
509,Aswan,24.0934,32.907,74.61,20,82,8.23,EG,broken clouds,2022-01-09 07:02:54
510,Bitung,1.4451,125.1824,86.85,69,33,13.42,ID,scattered clouds,2022-01-09 07:02:54
511,Calvinia,-31.4707,19.776,84.02,34,0,12.66,ZA,clear sky,2022-01-09 07:02:54
512,The Valley,18.217,-63.0578,78.1,69,5,24.23,AI,clear sky,2022-01-09 07:02:55
513,Washougal,45.5826,-122.3534,41.56,90,0,14.97,US,clear sky,2022-01-09 07:02:55
514,Pundaguitan,6.3711,126.1689,82.22,76,27,9.48,PH,scattered clouds,2022-01-09 07:02:56
515,Passo De Camaragibe,-9.2368,-35.4901,74.75,86,100,2.95,BR,overcast clouds,2022-01-09 07:02:56
516,Chum Phae,16.5443,102.0992,88.77,32,97,2.98,TH,overcast clouds,2022-01-09 07:02:57
517,Dingle,10.9995,122.6711,83.1,74,64,8.55,PH,broken clouds,2022-01-09 07:02:57
518,Isla Vista,34.4133,-119.861,55.83,74,0,0.0,US,mist,2022-01-09 07:02:57
519,Codrington,-38.2667,141.9667,64.33,66,1,14.34,AU,clear sky,2022-01-09 07:02:58
520,Peleduy,59.6289,112.7406,-16.78,97,7,1.21,RU,clear sky,2022-01-09 07:02:58
521,Ewo,-0.8725,14.8206,81.63,63,83,4.9,CG,broken clouds,2022-01-09 07:02:59
522,Mamallapuram,12.6264,80.1722,89.65,65,6,9.57,IN,clear sky,2022-01-09 07:02:59
523,Jaque,7.5175,-78.1703,75.56,84,10,3.09,PA,clear sky,2022-01-09 07:03:00
524,Sumbe,-11.2061,13.8437,75.7,89,100,1.23,AO,light rain,2022-01-09 07:03:00
525,Kungurtug,50.5994,97.5228,10.4,87,23,1.79,RU,few clouds,2022-01-09 07:03:00
526,Anqing,30.5092,117.0506,44.42,76,100,3.67,CN,overcast clouds,2022-01-09 07:03:01
527,Baoqing,46.3317,132.2111,1.27,89,11,1.97,CN,few clouds,2022-01-09 07:02:06
528,Saint-Georges,12.0564,-61.7485,75.88,75,94,10.13,GD,overcast clouds,2022-01-09 07:03:01
529,Puerto Escondido,15.85,-97.0667,75.24,79,0,5.64,MX,clear sky,2022-01-09 07:03:02
530,Bulaevo,54.9056,70.4439,18.18,93,100,13.67,KZ,overcast clouds,2022-01-09 07:03:02
531,Taoudenni,22.6783,-3.9836,49.73,30,0,13.47,ML,clear sky,2022-01-09 07:03:03
532,Bengkulu,-3.8004,102.2655,85.23,65,26,8.01,ID,scattered clouds,2022-01-09 07:03:03
533,Tingo Maria,-9.2895,-76.0088,68.07,97,67,1.95,PE,broken clouds,2022-01-09 07:03:04
534,Pangoa,-12.1167,-73.0,68.05,99,100,2.13,PE,overcast clouds,2022-01-09 07:03:04
535,Gimli,50.6336,-96.9907,-8.57,87,100,17.74,CA,overcast clouds,2022-01-09 07:03:05
536,Alexandria,31.2156,29.9553,58.59,63,0,19.35,EG,clear sky,2022-01-09 07:03:05
537,Acarau,-2.8856,-40.12,76.57,84,85,9.24,BR,overcast clouds,2022-01-09 07:03:06
538,San Fernando,15.0286,120.6898,89.15,53,97,5.12,PH,overcast clouds,2022-01-09 07:03:06
539,Myitkyina,25.3833,97.4,82.02,33,0,1.88,MM,clear sky,2022-01-09 07:03:07
540,Mount Gambier,-37.8333,140.7667,67.77,56,3,11.01,AU,clear sky,2022-01-09 07:03:07
541,Kerema,-7.9631,145.7785,85.06,72,99,7.76,PG,overcast clouds,2022-01-09 07:03:07
542,Posse,-14.0931,-46.3694,65.64,98,100,6.46,BR,overcast clouds,2022-01-09 07:00:26
543,Vestmannaeyjar,63.4427,-20.2734,38.26,68,65,12.1,IS,broken clouds,2022-01-09 07:03:08
544,Kabalo,-6.05,26.9167,76.28,89,100,0.83,CD,overcast clouds,2022-01-09 07:03:09
545,Guerrero Negro,27.9769,-114.0611,58.17,79,99,7.18,MX,overcast clouds,2022-01-09 07:03:09
546,Broken Hill,-31.95,141.4333,91.71,18,0,6.67,AU,clear sky,2022-01-09 07:03:10
547,Revda,56.801,59.9303,9.41,91,100,11.5,RU,overcast clouds,2022-01-09 07:03:02
548,Pisco,-13.7,-76.2167,69.03,95,96,2.75,PE,overcast clouds,2022-01-09 07:03:10
549,Kurayoshi,35.4333,133.8167,47.97,74,100,4.12,JP,overcast clouds,2022-01-09 07:03:11
550,Ghanzi,-21.5667,21.7833,72.72,70,100,16.78,BW,overcast clouds,2022-01-09 07:03:11
551,Tevriz,57.509,72.4042,13.55,91,83,7.9,RU,broken clouds,2022-01-09 07:03:12
552,Vaitape,-16.5167,-151.75,81.19,75,10,5.79,PF,clear sky,2022-01-09 07:03:12
553,Nouakchott,18.0858,-15.9785,66.13,29,100,14.54,MR,overcast clouds,2022-01-09 07:02:10
554,Taua,-5.9667,-40.3,71.73,84,93,6.11,BR,overcast clouds,2022-01-09 07:04:13
555,Ayutla,20.1167,-104.3333,58.33,51,100,0.96,MX,overcast clouds,2022-01-09 07:04:13
556,Calabar,4.9517,8.322,80.87,79,21,3.31,NG,few clouds,2022-01-09 07:04:14
557,Zhangjiakou,40.81,114.8794,32.58,29,32,3.62,CN,light snow,2022-01-09 07:00:22
558,Ndjole,-0.1783,10.7649,79.54,87,93,1.52,GA,overcast clouds,2022-01-09 07:04:14
559,Campbell River,50.0163,-125.2446,38.26,97,100,2.26,CA,overcast clouds,2022-01-09 07:04:15
560,Melfi,40.9965,15.6514,33.4,85,100,5.82,IT,overcast clouds,2022-01-09 07:04:15
561,Bonthe,7.5264,-12.505,75.74,91,21,3.96,SL,light rain,2022-01-09 07:04:16
562,Qasigiannguit,68.8193,-51.1922,12.45,96,100,4.97,GL,overcast clouds,2022-01-09 07:04:16
563,Manama,26.2154,50.5832,64.38,59,0,8.05,BH,clear sky,2022-01-09 07:00:02
564,Oksfjord,70.2396,22.3479,25.72,78,93,2.86,NO,light snow,2022-01-09 07:04:17
565,Cayenne,4.9333,-52.3333,78.1,83,75,3.0,GF,mist,2022-01-09 07:04:17
566,Tougue,11.4667,-11.6,62.83,34,32,0.85,GN,scattered clouds,2022-01-09 07:04:18
567,Seoul,37.5683,126.9778,42.19,45,5,2.44,KR,clear sky,2022-01-09 07:01:02
568,Zwolle,52.5126,6.0936,42.13,90,100,4.0,NL,overcast clouds,2022-01-09 07:04:18
569,Pemangkat,1.1667,108.9667,83.73,73,53,12.3,ID,broken clouds,2022-01-09 07:04:19
570,Kralendijk,12.15,-68.2667,79.0,72,12,18.95,BQ,few clouds,2022-01-09 07:04:19
571,Bilibino,68.0546,166.4372,-11.09,99,61,3.49,RU,broken clouds,2022-01-09 07:04:20
572,Avera,33.194,-82.5271,46.27,67,97,7.36,US,overcast clouds,2022-01-09 07:04:20
573,Pangnirtung,66.1451,-65.7125,-18.22,97,100,2.51,CA,overcast clouds,2022-01-09 07:04:21
574,Waipawa,-41.4122,175.5153,65.03,62,100,12.26,NZ,overcast clouds,2022-01-09 07:04:21
575,Yenagoa,4.9247,6.2642,80.53,80,100,3.2,NG,light rain,2022-01-09 07:04:22
576,Chachapoyas,-6.2317,-77.869,54.3,92,100,3.06,PE,light rain,2022-01-09 07:04:22
577,Byron Bay,-28.65,153.6167,79.88,69,25,9.4,AU,scattered clouds,2022-01-09 07:04:22
578,Talakan,50.3167,130.3667,-6.3,94,100,2.33,RU,overcast clouds,2022-01-09 07:04:23
579,Misratah,32.3754,15.0925,57.24,62,22,26.51,LY,few clouds,2022-01-09 07:04:23
580,San Juan,-31.5375,-68.5364,82.27,32,9,21.5,AR,clear sky,2022-01-09 07:04:24
581,Slave Lake,55.2834,-114.769,-16.62,76,100,4.61,CA,overcast clouds,2022-01-09 07:00:19
582,Chiang Rai,19.9167,99.9167,90.32,51,7,1.99,TH,clear sky,2022-01-09 07:04:24
583,Novobureyskiy,49.798,129.8774,-10.62,98,99,1.99,RU,overcast clouds,2022-01-09 07:04:25
584,Wajima,37.4,136.9,44.26,69,100,12.24,JP,overcast clouds,2022-01-09 07:04:25
585,Sinegorye,62.0788,150.477,-1.23,99,100,0.47,RU,overcast clouds,2022-01-09 07:04:26
586,Maniitsoq,65.4167,-52.9,4.95,88,89,8.25,GL,overcast clouds,2022-01-09 07:04:26
587,Kholm,59.2667,32.85,19.65,94,100,7.7,RU,light snow,2022-01-09 07:04:26
588,Shenjiamen,29.9576,122.298,46.11,73,100,11.92,CN,overcast clouds,2022-01-09 07:04:27
589,Port Hedland,-20.3167,118.5667,91.45,62,0,23.02,AU,clear sky,2022-01-09 07:04:27
590,Gunjur,13.2019,-16.7339,68.07,77,0,0.0,GM,clear sky,2022-01-09 07:04:28
591,Rawson,-43.3002,-65.1023,68.18,75,46,14.61,AR,scattered clouds,2022-01-09 07:01:00
592,Igboho,8.8333,3.75,74.07,23,2,7.27,NG,clear sky,2022-01-09 07:04:28
593,Mount Pleasant,32.7941,-79.8626,44.58,100,20,0.0,US,few clouds,2022-01-09 07:00:19
594,Bani,18.2833,-70.3333,70.75,77,4,12.33,DO,clear sky,2022-01-09 07:04:29
595,Cuamba,-14.8031,36.5372,72.97,86,96,0.56,MZ,overcast clouds,2022-01-09 07:04:30
596,Manta,-0.95,-80.7333,74.98,83,75,3.44,EC,broken clouds,2022-01-09 07:04:30
597,Flagstaff,35.1981,-111.6513,37.06,79,0,0.0,US,clear sky,2022-01-09 07:03:46
598,Cortez,37.3489,-108.5859,26.67,88,0,0.0,US,clear sky,2022-01-09 07:04:31
599,Abnub,27.2696,31.1511,59.59,41,100,6.93,EG,overcast clouds,2022-01-09 07:04:31
600,Eureka,40.8021,-124.1637,41.67,96,12,5.1,US,few clouds,2022-01-09 07:04:02
601,Tomatlan,19.9333,-105.25,63.19,85,95,3.2,MX,overcast clouds,2022-01-09 07:04:32
602,Darovskoy,58.77,47.9564,5.58,94,100,6.96,RU,overcast clouds,2022-01-09 07:05:32
603,Dongying,37.4564,118.4856,40.55,44,15,7.05,CN,few clouds,2022-01-09 07:05:33
604,Nizhniy Kuranakh,58.8353,125.4869,-13.5,99,100,2.48,RU,overcast clouds,2022-01-09 07:05:18
605,Oyama,36.3,139.8,54.82,29,83,2.28,JP,broken clouds,2022-01-09 07:05:34
606,Ladario,-19.0047,-57.6017,76.68,72,96,2.37,BR,overcast clouds,2022-01-09 07:02:18
607,Haines Junction,60.7522,-137.5108,-39.15,100,95,0.69,CA,overcast clouds,2022-01-09 07:05:34
608,Manggar,-2.8833,108.2667,83.34,74,100,8.86,ID,overcast clouds,2022-01-09 07:05:35
609,Tavatuy,57.0703,60.1336,9.52,90,69,12.88,RU,broken clouds,2022-01-09 07:05:35
610,Rancharia,-22.2292,-50.8931,62.89,82,3,13.11,BR,clear sky,2022-01-09 07:05:35
611,Paramirim,-13.4425,-42.2389,69.48,96,100,1.03,BR,overcast clouds,2022-01-09 07:05:36
612,Kalabo,-14.97,22.6814,71.85,83,100,5.12,ZM,overcast clouds,2022-01-09 07:05:37
613,Dicabisagan,17.0818,122.4157,78.08,78,29,3.29,PH,scattered clouds,2022-01-09 07:05:37
614,Mandalgovi,45.7625,106.2708,14.72,41,0,13.42,MN,clear sky,2022-01-09 07:05:37
615,Bentiu,9.2333,29.8333,89.78,16,100,8.88,SS,overcast clouds,2022-01-09 07:05:38
616,Hami,42.8,93.45,29.57,35,0,1.9,CN,clear sky,2022-01-09 07:05:38
617,Barcelos,41.5388,-8.6151,53.74,97,100,8.57,PT,overcast clouds,2022-01-09 07:05:39
618,Nevelsk,46.6733,141.8633,18.03,77,96,16.08,RU,overcast clouds,2022-01-09 07:05:39
619,Bubaque,11.2833,-15.8333,77.77,49,26,9.42,GW,scattered clouds,2022-01-09 07:05:40
620,Bjelovar,45.8986,16.8489,24.4,78,100,2.68,HR,overcast clouds,2022-01-09 07:05:40
621,Vuktyl,63.8567,57.3094,6.87,88,100,9.84,RU,overcast clouds,2022-01-09 07:05:41
622,Torata,-17.0769,-70.8433,56.68,76,100,2.15,PE,overcast clouds,2022-01-09 07:05:41
623,Sitka,57.0531,-135.33,30.09,80,100,8.05,US,light snow,2022-01-09 07:05:42
624,Meridian,43.6121,-116.3915,29.25,83,0,4.61,US,clear sky,2022-01-09 07:05:12
625,Vestmanna,62.1564,-7.1664,38.32,81,20,6.91,FO,few clouds,2022-01-09 07:05:42
626,Bagdarin,54.4333,113.6,-4.74,78,0,2.93,RU,clear sky,2022-01-09 07:05:43
627,Rudnichnyy,59.617,52.4703,-2.06,95,95,7.76,RU,overcast clouds,2022-01-09 07:05:43
628,Nanchang,28.6833,115.8833,48.36,70,100,2.48,CN,overcast clouds,2022-01-09 07:05:44
629,Tipuani,-15.5648,-68.0185,68.95,99,100,2.15,BO,overcast clouds,2022-01-09 07:05:44
630,Cabrero,-37.0333,-72.4,59.43,97,100,1.14,CL,overcast clouds,2022-01-09 07:05:45
631,Sibolga,1.7427,98.7792,81.14,81,100,1.88,ID,overcast clouds,2022-01-09 07:05:45
632,Kingsville,27.5159,-97.8561,68.09,90,100,1.01,US,overcast clouds,2022-01-09 07:05:08
633,Karoi,-16.8099,29.6925,68.18,87,100,7.47,ZW,light rain,2022-01-09 07:05:46
634,Mitu,1.1983,-70.1733,74.17,81,100,1.83,CO,overcast clouds,2022-01-09 07:06:07
635,Stokmarknes,68.5646,14.9108,25.5,86,41,4.52,NO,scattered clouds,2022-01-09 07:06:08
636,Bandarbeyla,9.4942,50.8122,78.66,57,0,19.75,SO,clear sky,2022-01-09 07:06:08
637,Ravar,31.2656,56.8055,50.86,24,0,2.46,IR,clear sky,2022-01-09 07:06:08
638,Ilanskiy,56.2358,96.065,19.24,86,81,3.47,RU,broken clouds,2022-01-09 07:06:09
639,Opuwo,-18.0607,13.84,77.97,39,68,4.23,NA,broken clouds,2022-01-09 07:06:09
640,Roma,43.2128,-75.4557,31.86,59,100,6.91,US,overcast clouds,2022-01-09 07:06:10
641,Torit,4.4133,32.5678,91.63,27,96,1.61,SS,overcast clouds,2022-01-09 07:06:10
642,Aguimes,27.9054,-15.4461,64.65,52,0,5.75,ES,clear sky,2022-01-09 07:06:11
643,Aligudarz,33.4006,49.6949,41.7,33,0,2.13,IR,clear sky,2022-01-09 07:06:11
644,Chapais,49.7834,-74.8492,10.18,89,100,13.76,CA,light snow,2022-01-09 07:06:11
645,Puerto Cabezas,14.0351,-83.3888,74.95,87,100,8.12,NI,overcast clouds,2022-01-09 07:06:12
646,Luganville,-15.5333,167.1667,81.88,78,95,8.16,VU,overcast clouds,2022-01-09 07:01:16
647,Kutum,14.2,24.6667,72.48,21,0,8.7,SD,clear sky,2022-01-09 07:06:13
648,Media Luna,20.1419,-77.435,72.41,91,44,15.41,CU,scattered clouds,2022-01-09 07:07:13
649,Khandyga,62.6667,135.6,-37.64,100,98,1.01,RU,overcast clouds,2022-01-09 07:06:24
650,Hovd,48.0056,91.6419,11.8,91,39,3.31,MN,scattered clouds,2022-01-09 07:04:55
651,Nyurba,63.2842,118.3319,-32.28,98,6,4.76,RU,clear sky,2022-01-09 07:07:14
652,Gigmoto,13.7796,124.39,80.53,78,21,4.47,PH,few clouds,2022-01-09 07:07:15
653,Ntcheu,-14.8203,34.6359,65.3,97,100,1.57,MW,light rain,2022-01-09 07:07:15
654,Bitkine,11.9801,18.2138,76.51,19,11,10.33,TD,few clouds,2022-01-09 07:07:15
655,Olinda,-8.0089,-34.8553,76.73,88,40,2.3,BR,scattered clouds,2022-01-09 07:07:16
656,Simpang,-1.2667,104.0833,85.75,68,100,7.9,ID,overcast clouds,2022-01-09 07:07:16
657,Inta,66.0317,60.1659,3.79,91,100,21.43,RU,overcast clouds,2022-01-09 07:07:17
658,Annau,37.8876,58.516,50.67,44,99,5.84,TM,overcast clouds,2022-01-09 07:07:17
659,College,64.8569,-147.8028,-7.94,67,0,0.0,US,clear sky,2022-01-09 07:07:18
660,Okato,-39.2,173.8833,72.43,85,100,7.29,NZ,overcast clouds,2022-01-09 07:07:19
661,Kolomak,49.8399,35.3044,26.42,93,100,12.28,UA,light snow,2022-01-09 07:07:19
662,Umm Kaddadah,13.6017,26.6876,79.03,20,4,6.85,SD,clear sky,2022-01-09 07:07:20
663,Voh,-20.9667,164.7,82.13,81,37,6.69,NC,scattered clouds,2022-01-09 07:07:20
664,Kushiro,42.975,144.3747,25.57,72,100,15.03,JP,overcast clouds,2022-01-09 07:07:20
665,Bin Qirdan,33.1378,11.2197,50.04,59,0,14.9,TN,clear sky,2022-01-09 07:07:21
666,Dubbo,-32.25,148.6167,86.13,62,87,11.5,AU,overcast clouds,2022-01-09 07:03:19
667,Asha,54.9973,57.2722,4.96,94,100,7.18,RU,overcast clouds,2022-01-09 07:07:22
668,Batagay-Alyta,67.8006,130.4114,-25.62,87,51,5.03,RU,broken clouds,2022-01-09 07:07:23
669,Feijo,-8.1642,-70.3536,71.38,97,96,3.04,BR,overcast clouds,2022-01-09 07:07:23
670,Blagoyevo,63.3667,47.9167,-3.89,97,91,7.45,RU,overcast clouds,2022-01-09 07:07:24
671,Chalisgaon,20.4667,75.0167,74.62,51,0,5.01,IN,clear sky,2022-01-09 07:07:09
672,Sarakhs,36.5449,61.1577,48.65,42,60,2.06,IR,broken clouds,2022-01-09 07:07:24
673,Sulangan,11.1373,123.7228,80.44,78,10,8.66,PH,clear sky,2022-01-09 07:07:25
674,Nacala,-14.5428,40.6728,83.52,69,75,3.44,MZ,broken clouds,2022-01-09 07:07:25
675,Wanaka,-44.7,169.15,67.1,52,98,10.0,NZ,overcast clouds,2022-01-09 07:07:26
676,Fukue,32.6881,128.8419,50.36,63,100,15.26,JP,overcast clouds,2022-01-09 07:07:26
677,Burnie,-41.0667,145.9167,60.94,99,100,4.0,AU,overcast clouds,2022-01-09 07:07:27
678,Svetlogorsk,52.6333,29.7333,25.27,95,100,9.48,BY,snow,2022-01-09 07:07:27
679,Chalus,36.655,51.4204,53.02,79,71,2.68,IR,broken clouds,2022-01-09 07:07:27
680,Langenburg,49.2544,9.8458,37.85,93,100,16.11,DE,light snow,2022-01-09 07:07:28
681,Medina,24.4686,39.6142,70.23,43,0,0.0,SA,clear sky,2022-01-09 07:07:29
682,Fez,34.0372,-4.9998,41.25,56,0,8.05,MA,clear sky,2022-01-09 07:07:29
683,Teshie,5.5836,-0.1072,81.3,76,33,7.07,GH,scattered clouds,2022-01-09 07:07:30
684,Gornozavodsk,58.3758,58.3211,-2.65,99,100,3.65,RU,overcast clouds,2022-01-09 07:07:30
685,Kargil,34.5667,76.1,19.29,76,100,1.97,IN,light snow,2022-01-09 07:07:30
686,Ilo,-17.6394,-71.3375,69.67,86,100,2.42,PE,overcast clouds,2022-01-09 07:07:31
687,Coelho Neto,-4.2567,-43.0128,72.3,98,100,2.17,BR,overcast clouds,2022-01-09 07:07:31
688,Grand Falls,47.0461,-67.7418,9.07,91,100,5.06,CA,snow,2022-01-09 07:07:32
689,Turan,16.0678,108.2208,77.05,78,75,5.75,VN,broken clouds,2022-01-09 07:05:24
690,Belmonte,-15.8631,-38.8828,77.5,85,100,11.41,BR,overcast clouds,2022-01-09 07:07:33
691,Oshakati,-17.7833,15.6833,76.19,56,100,4.9,NA,overcast clouds,2022-01-09 07:07:33
692,Kununurra,-15.7667,128.7333,98.58,41,90,8.05,AU,overcast clouds,2022-01-09 07:04:44
693,Lokosovo,61.1333,74.8167,-1.39,93,90,9.8,RU,overcast clouds,2022-01-09 07:08:34
694,Kaele,10.1092,14.4508,78.17,20,100,10.8,CM,overcast clouds,2022-01-09 07:08:34
695,Sioux Lookout,50.1001,-91.917,-10.82,88,100,14.25,CA,overcast clouds,2022-01-09 07:08:35
696,Evreux,49.0241,1.1508,41.92,93,75,12.66,FR,broken clouds,2022-01-09 07:08:35
697,Beausoleil,43.749,7.417,49.46,64,0,10.36,FR,clear sky,2022-01-09 07:08:36
698,Greeneville,36.1632,-82.831,35.62,76,0,4.61,US,clear sky,2022-01-09 07:07:39
699,Zharkent,44.1628,80.0,37.0,53,0,2.46,KZ,clear sky,2022-01-09 07:08:36
700,Bahia Blanca,-38.7196,-62.2724,78.91,26,74,15.77,AR,broken clouds,2022-01-09 07:08:37
701,Puerto Leguizamo,-0.1934,-74.7819,73.35,79,92,1.48,CO,overcast clouds,2022-01-09 07:08:37
702,Kulunda,52.566,78.9385,27.81,91,99,16.11,RU,overcast clouds,2022-01-09 07:08:38
